{"sphere_pos": [2.9710975814510205, 3.0980229467227787, 1], "focal_pos": [3.0558216336396775, 3.490917075232802, 0], "camera_pos": [0.16352805757442956, 0.9111162475755119, 8.543240744798698], "camera_front": [0.30830604856234756, 0.2749956663579541, -0.9106726985609134], "sphere_dir": [0.6155922896386962, 0.6526360797561315, 0.4417151574690822], "distance": 8.340592813233783}