{"sphere_pos": [8.473883480368688, -0.6101697282391676, 1], "focal_pos": [8.423471470119374, -1.5075311779050438, 0], "camera_pos": [-8.312101918270693, -1.5275812158417068, 12.878868772089126], "camera_front": [0.7925011633840925, 0.0009494552724272816, -0.6098696619520809], "sphere_dir": [0.9757822274013311, -0.07763176124902452, 0.2045051450039132], "distance": 20.584423065644415}