{"cylinder_pos": [-3.6926683888212737, -6.772279781531145, 0.2], "focal_pos": [-3.463373923430203, -5.827137251284072, 0], "camera_pos": [-3.748584052283751, -10.797077241801036, 8.251595385121462], "camera_front": [0.029595529338739178, 0.5157180265384118, -0.8562470564892389], "cylinder_dir": [-0.45110623616217693, -0.8832423849143959, 0.12800802000782685], "distance": 9.001683698249158}