{"sphere_pos": [2.899678470215559, 2.9144460444915627, 0.6], "focal_pos": [3.8275373526563783, 2.623488726358292, 0], "camera_pos": [4.7794143251531285, -3.034644594254187, 6.4902330119589156], "camera_front": [-0.10988130200819021, 0.6531548447632465, -0.7492094822086038], "sphere_dir": [0.7525956616944725, 0.565477370627512, 0.3373945958471394], "distance": 8.580205781187347}