{"sphere_pos": [3.6753837950288837, -1.0372293744827772, 1], "focal_pos": [4.5119186617469715, 9.563658748496415, 0], "camera_pos": [-9.469839943630351, -2.2826715689336226, 5.646972223634549], "camera_front": [0.7291335213675176, 0.6177732560987415, -0.2944834665433065], "sphere_dir": [0.814169876990865, -0.45734515502839646, 0.35771891279708984], "distance": 13.997942143270912}