{"cylinder_pos": [-0.01319164203853726, -0.021189255039279375, 0.2], "focal_pos": [0.6130662244817956, 0.5948531321239254, 0], "camera_pos": [-0.9351195501983084, -5.079589066515988, 8.023098804734369], "camera_front": [0.1556250243285974, 0.5704000254084656, -0.8064890965268813], "cylinder_dir": [-0.14311137176049885, -0.5015094496627587, 0.8532335009666376], "distance": 9.361529502662894}