{"sphere_pos": [5.060987919632884, -1.049052804379711, 1], "focal_pos": [1.304139899547831, 2.25807650445196, 0], "camera_pos": [-3.6803564327837357, -3.3116705045366306, 14.683754356645037], "camera_front": [0.3025188345090669, 0.3380388431104392, -0.891185780472193], "sphere_dir": [0.8969684301737498, -0.261465903276744, 0.3564873303433307], "distance": 16.394379318461294}