{"sphere_pos": [-3.35762752061719, 1.2322774966940706, 1], "focal_pos": [-0.4940729376165076, -0.7895308459873078, 0], "camera_pos": [8.521191749008649, 0.4563672147518194, 12.761267857606473], "camera_front": [-0.5751697544648053, -0.07948772516314875, -0.8141630396286013], "sphere_dir": [-0.7791222379614494, 0.3673103210283988, 0.5079878604651467], "distance": 16.734270394147007}