{"cylinder_pos": [0.11549760900762374, -2.9395138165089354, 0.2], "focal_pos": [0.16648439395013936, -1.9773282997832986, 0], "camera_pos": [-1.4673730296861245, -7.0384821068058425, 7.9548538155452135], "camera_front": [0.170746051525807, 0.5289152016646779, -0.8313209340178797], "cylinder_dir": [-0.01526650106854831, -0.9584120908875283, 0.28497929395961435], "distance": 8.913180027586925}