{"sphere_pos": [2.8944673073595975, -0.15967002663303412, 0.6], "focal_pos": [3.531298215397878, 0.7127096765952289, 0], "camera_pos": [3.965999755269198, -4.85542789022683, 6.9973707784244565], "camera_front": [-0.04855369608482608, 0.6219293800017617, -0.7815666221680186], "sphere_dir": [0.8801427258906758, -0.23374587932093044, 0.4131726587786467], "distance": 8.007788494775898}