{"sphere_pos": [-1.723107858423079, 7.133065582652588, 1], "focal_pos": [-9.95857298344613, 4.926276446523383, 0], "camera_pos": [7.8168222692397045, 7.826484344388788, 8.529419938573561], "camera_front": [-0.8919789816132223, -0.1455340064415011, -0.4280109219743393], "sphere_dir": [-0.11135496326637959, 0.9751895433897715, 0.19132544686787564], "distance": 12.173054712404971}