{"sphere_pos": [-9.863372250637878, 1.3869060747298274, 1], "focal_pos": [-6.751824285031269, -5.481993893304528, 0], "camera_pos": [8.925073363321683, 0.8841585893733743, 5.225507937206844], "camera_front": [-0.8852640387014262, -0.3594924189861412, -0.29508097612948964], "sphere_dir": [-0.9719073787756431, 0.18905292097822984, 0.14019643415956665], "distance": 19.26430276314579}