{"cylinder_pos": [-0.47668697983162356, -6.564305038359059, 0.2], "focal_pos": [-0.17663209246135048, -6.9470698811535465, 0], "camera_pos": [1.1684972870460182, -10.622916384947887, 6.902737493565864], "camera_front": [-0.16951207547147973, 0.4632270913605063, -0.8698771856411895], "cylinder_dir": [-0.04317201800763338, -0.9876872731040742, 0.15036631075273016], "distance": 8.006600229953717}