{"sphere_pos": [-3.1284248369024192, 8.28693681659621, 1], "focal_pos": [1.0360799341563496, -0.25054214850768286, 0], "camera_pos": [7.449415445147203, -0.5004386501700913, 12.462446568497379], "camera_front": [-0.4575053411955073, 0.017826758643874552, -0.8890281601017122], "sphere_dir": [-0.3003490868628439, 0.9298743968383827, 0.2124241797091612], "distance": 17.902411959346015}