{"sphere_pos": [2.962208302824141, 3.099350929094277, 1], "focal_pos": [3.053825945780485, 3.64974517699481, 0], "camera_pos": [-0.8616180848455515, -0.9000779794388927, 9.615994785325965], "camera_front": [0.3454070785803008, 0.40136983499914725, -0.8482901659334376], "sphere_dir": [0.624769333294827, 0.6441512766744227, 0.4412849566131264], "distance": 10.239748335687459}