{"sphere_pos": [2.2289778239897355, -0.988075479704305, 1], "focal_pos": [-0.8785022473822064, 9.764787399827547, 0], "camera_pos": [9.995102913701043, -2.388855234318063, 4.809902537047136], "camera_front": [-0.6395336840367645, 0.7148193936726595, -0.2828955662639757], "sphere_dir": [0.8025879339933558, -0.47645717104749685, 0.35894452547112754], "distance": 8.763004060924395}