{"sphere_pos": [0.9574919080699615, 4.01059999043291, 1], "focal_pos": [-2.013321663855068, 5.257492087630116, 0], "camera_pos": [6.562019292638514, -5.548522719819797, 4.423114851901204], "camera_front": [-0.5919374658634147, 0.7459161161820357, -0.30531816868163386], "sphere_dir": [0.4032628231151394, 0.8496841855829482, 0.33972912778189873], "distance": 11.597640686077254}