{"sphere_pos": [-6.297096724878828, 4.094734052523737, 1], "focal_pos": [-1.434776748878246, 0.6599302325029806, 0], "camera_pos": [9.921450663757811, -0.7282684143179325, 13.219989560477327], "camera_front": [-0.6495542089978326, 0.07940227341381768, -0.7561577934200754], "sphere_dir": [-0.7900266965864247, 0.561699056222837, 0.2456664179718417], "distance": 20.871769859089287}