{"sphere_pos": [-2.9454562022746154, -2.9679679165471535, 1], "focal_pos": [-3.836912852875028, -3.4796812474696712, 0], "camera_pos": [-6.279921835304544, -6.731392489831171, 9.572999152452908], "camera_front": [0.2348784007886308, 0.3126295244615689, -0.9203775949456334], "sphere_dir": [-0.6416779281537206, -0.6619073876771611, 0.3874636068829495], "distance": 9.938729297280108}