{"cylinder_pos": [-3.9633550772121877, -0.627763781045614, 0.2], "focal_pos": [-3.360207892547689, -0.6731473009519926, 0], "camera_pos": [-4.046870091584701, -5.658322160703898, 5.428405649643387], "camera_front": [0.09276588321297707, 0.6734812976228619, -0.7333603702573124], "cylinder_dir": [-0.9301337504335006, -0.2983964179234382, 0.21403453944392098], "distance": 7.256012541747617}