{"sphere_pos": [0.1666544068443198, -2.9748534339130894, 0.6], "focal_pos": [0.9869812111523113, -2.4274524588045043, 0], "camera_pos": [0.9796096214476142, -7.889012077192225, 8.03128093953373], "camera_front": [0.000758989671939747, 0.5623301769492339, -0.8269124476188041], "sphere_dir": [0.04345363475520696, -0.9265083225825577, 0.37375675219561777], "distance": 8.946160503508922}