{"cylinder_pos": [-2.916025587250711, -0.14948813437490097, 0.2], "focal_pos": [-2.8755068736694476, 0.42066304665752086, 0], "camera_pos": [-3.143808301431018, -4.557713709801709, 6.9534561981057355], "camera_front": [0.03135792734190319, 0.5818514568189285, -0.8126903239183488], "cylinder_dir": [-0.9207216306136683, -0.22846032001009806, 0.31635037711529806], "distance": 8.068054803263244}