{"sphere_pos": [2.5786277440809258, 9.67533481581102, 1], "focal_pos": [7.510945885980128, 8.483624651095859, 0], "camera_pos": [-6.11345770274829, -8.234188869626589, 6.720423579026983], "camera_front": [0.6031368786196942, 0.7400786242545335, -0.297505521915828], "sphere_dir": [0.21373852940621707, 0.9667513789314247, 0.14038380384309485], "distance": 20.712958117509892}