{"sphere_pos": [0.7157554415912077, -5.892314756027057, 1], "focal_pos": [-6.7186654645844985, -4.7916647233755505, 0], "camera_pos": [-9.07525887549101, 2.3247990635128026, 12.950905355221984], "camera_front": [0.1574834007529276, -0.47556991091777945, -0.8654664859582653], "sphere_dir": [0.09698779517866253, -0.9410432569463388, 0.3240847977647344], "distance": 17.49883023776319}