{"sphere_pos": [5.7527496887742515, -6.242253500674638, 0], "focal_pos": [0.15625346009084318, -1.9784289785285374, 0], "camera_pos": [-3.550693060211623, 6.31961569543688, 8.478036232078725], "camera_front": [0.2982535884350249, -0.6676442693331309, -0.6821260342577906], "sphere_dir": [0.6967049102943106, -0.7120470072764512, 0.08712822390274173], "distance": 17.78290479748213}