{"sphere_pos": [4.244267239529115, -2.9201846616242584, 0], "focal_pos": [0, 0, -3.3945228812158783], "camera_pos": [8.922930582918255, 10.93250712353519, 11.769286662121997], "camera_front": [-0.43076322550533425, -0.5277775039973328, -0.732047778376921], "sphere_dir": [0.8816824372645219, -0.4511935033240584, 0.13805977827540986], "distance": 18.769738115130963}