{"sphere_pos": [-2.4912258122021003, 5.779365857686432, 0], "focal_pos": [0, 0, -3.5770146946985086], "camera_pos": [-13.450213223804544, -4.101706187110783, 11.466763985588798], "camera_front": [0.6531635072003376, 0.19918530316955033, -0.7305495519559292], "sphere_dir": [-0.487755517377715, 0.8655937852971376, 0.11332234608659696], "distance": 18.687473508832866}