{"sphere_pos": [-0.20210373024512762, 7.0978089646769895, 0], "focal_pos": [0.8831683819665415, 8.859445234529247, 0], "camera_pos": [-5.101493189179111, -0.8646162963149191, 15.487409069716216], "camera_front": [0.3110296607151066, 0.5053705247583954, -0.8048982437928844], "sphere_dir": [-0.07703332671172895, 0.989679239581127, 0.1208340569452421], "distance": 18.090441476092384}