{"sphere_pos": [1.2415613630541742, -3.4314011480743183, 0], "focal_pos": [6.560624208902468, 1.8938364226397315, 0], "camera_pos": [2.9597465969835426, -8.341215413776803, 15.882736981238189], "camera_front": [0.1872047760120318, 0.5321065565143769, -0.8257220987430923], "sphere_dir": [0.2520187082946393, -0.9473816584468011, 0.19736910575895625], "distance": 16.712862430983503}