{"sphere_pos": [-1.2939357847301025, -7.18166512751182, 0], "focal_pos": [0, 0, 1.3629567283094435], "camera_pos": [11.21492857806465, 9.522401903735844, 7.188427925254025], "camera_front": [-0.7087461807112359, -0.601784124927066, -0.3681504017558606], "sphere_dir": [-0.08844929199670758, -0.9945252138868218, 0.05564460161284666], "distance": 22.07195141050704}